{
    "normals": [0,0.163121,-0.986602],
    "vertices": [3.20303,0.610781,-0.052344,-3.20303,0.61078,-0.052344,3.20303,4.20777,0.542428,-3.20303,4.20777,0.542428],
    "faces": [41,0,1,3,2,0,1,2,3,0,0,0,0],
    "metadata": {
        "uvs": 1,
        "version": 3,
        "generator": "io_three",
        "type": "Geometry",
        "faces": 1,
        "normals": 1,
        "vertices": 4
    },
    "name": "PlaneGeometry",
    "uvs": [[-0.005455,8.7e-05,0.999608,8.7e-05,0.999608,0.999913,-0.005455,0.999913]]
}