{
    "materials": [{
        "opacity": 1,
        "transparent": false,
        "colorDiffuse": [0.050602,0.025754,0.64],
        "specularCoef": 50,
        "DbgColor": 15658734,
        "depthWrite": true,
        "depthTest": true,
        "wireframe": false,
        "colorEmissive": [0,0,0],
        "DbgIndex": 0,
        "DbgName": "Material.002",
        "visible": true,
        "colorSpecular": [0.5,0.5,0.5],
        "colorAmbient": [0.050602,0.025754,0.64],
        "blending": "NormalBlending",
        "shading": "phong"
    }],
    "faces": [35,1,0,2,3,0,0,1,2,3,35,3,2,6,7,0,3,2,4,5,35,7,6,4,5,0,5,4,6,7,35,0,1,5,4,0,1,0,7,6,35,0,4,6,2,0,1,6,4,2,35,5,1,3,7,0,7,0,3,5],
    "vertices": [1.30578,-1,-2.70737,1.30578,1,-2.70737,1.30578,-1,-4.70737,1.30578,1,-4.70737,-1.30578,-1,-2.70737,-1.30578,1,-2.70737,-1.30578,-1,-4.70737,-1.30578,1,-4.70737],
    "uvs": [],
    "normals": [0.577349,0.577349,0.577349,0.577349,-0.577349,0.577349,0.577349,-0.577349,-0.577349,0.577349,0.577349,-0.577349,-0.577349,-0.577349,-0.577349,-0.577349,0.577349,-0.577349,-0.577349,-0.577349,0.577349,-0.577349,0.577349,0.577349],
    "metadata": {
        "faces": 6,
        "generator": "io_three",
        "normals": 8,
        "materials": 1,
        "type": "Geometry",
        "vertices": 8,
        "uvs": 0,
        "version": 3
    },
    "name": "Cube.002Geometry.3"
}