{
    "uvs": [[8.7e-05,8.7e-05,8.7e-05,0.999913,0.750472,0.999913,0.750472,8.7e-05,0,0]],
    "name": "Cube.001Geometry.5",
    "materials": [{
        "visible": true,
        "blending": "NormalBlending",
        "opacity": 1,
        "colorEmissive": [0,0,0],
        "depthTest": true,
        "specularCoef": 50,
        "DbgColor": 15658734,
        "shading": "phong",
        "colorAmbient": [0.64,0.64,0.64],
        "colorSpecular": [0.5,0.5,0.5],
        "DbgIndex": 0,
        "transparent": false,
        "colorDiffuse": [0.64,0.64,0.64],
        "DbgName": "Material.001",
        "wireframe": false,
        "depthWrite": true
    },{
        "visible": true,
        "blending": "NormalBlending",
        "opacity": 1,
        "colorEmissive": [0,0,0],
        "depthTest": true,
        "specularCoef": 50,
        "DbgColor": 15597568,
        "shading": "phong",
        "colorAmbient": [0.64,0.64,0.64],
        "colorSpecular": [0.5,0.5,0.5],
        "DbgIndex": 1,
        "transparent": false,
        "colorDiffuse": [0.64,0.64,0.64],
        "DbgName": "Material.002",
        "wireframe": false,
        "depthWrite": true
    }],
    "metadata": {
        "materials": 2,
        "faces": 6,
        "version": 3,
        "vertices": 8,
        "normals": 8,
        "uvs": 1,
        "type": "Geometry",
        "generator": "io_three"
    },
    "faces": [43,1,0,2,3,0,0,1,2,3,0,1,2,3,43,3,2,6,7,1,4,4,4,4,3,2,4,5,43,7,6,4,5,1,4,4,4,4,5,4,6,7,43,0,1,5,4,1,4,4,4,4,1,0,7,6,43,0,4,6,2,1,4,4,4,4,1,6,4,2,43,5,1,3,7,1,4,4,4,4,7,0,3,5],
    "vertices": [2.69365,2.69365,-2.69365,2.69365,-2.69365,-2.69365,2.69365,2.69365,2.69365,2.69365,-2.69365,2.69365,-2.69365,2.69365,-2.69365,-2.69365,-2.69365,-2.69365,-2.69365,2.69365,2.69365,-2.69365,-2.69365,2.69365],
    "normals": [0.577349,-0.577349,-0.577349,0.577349,0.577349,-0.577349,0.577349,0.577349,0.577349,0.577349,-0.577349,0.577349,-0.577349,0.577349,0.577349,-0.577349,-0.577349,0.577349,-0.577349,0.577349,-0.577349,-0.577349,-0.577349,-0.577349]
}